{
  "steps": [
    74,
    148,
    222,
    296,
    370,
    444,
    518,
    592,
    666,
    740,
    814,
    888,
    962,
    1036,
    1110,
    1184,
    1258,
    1332,
    1406,
    1480,
    1554,
    1628,
    1702,
    1776,
    1850,
    1924,
    1998,
    2072,
    2146,
    2220,
    2294,
    2368,
    2442,
    2516,
    2590,
    2664,
    2738,
    2812,
    2886,
    2960,
    3034,
    3108,
    3182,
    3256,
    3330,
    3404,
    3478,
    3552,
    3626,
    3700,
    3774,
    3848,
    3922,
    3996,
    4070,
    4144,
    4218,
    4292,
    4366,
    4440,
    4514,
    4588,
    4662,
    4736,
    4810,
    4884,
    4958,
    5032,
    5106,
    5180,
    5254,
    5328,
    5402,
    5476,
    5550,
    5624,
    5698,
    5772,
    5846,
    5920
  ],
  "train_loss": [
    4.63710253733509,
    4.183482077256689,
    4.21826379533084,
    3.5988273723620288,
    3.6362192666755533,
    3.449533695499852,
    3.322589118255759,
    3.1076242839165458,
    3.161414887230351,
    2.8367227817031573,
    2.7073695043347916,
    2.636847642502695,
    2.5694444324385444,
    2.4879430922022405,
    2.392353011572136,
    2.550754518778819,
    2.317853724146789,
    2.136478306392454,
    2.164765296702115,
    2.105249376296997,
    2.12839155889907,
    2.125356765243242,
    2.1068255326433003,
    1.9520558639742296,
    1.8334478926208786,
    1.8947833725191514,
    1.7415413671169642,
    1.7438369533250917,
    1.609844649962659,
    1.7495348449023265,
    1.6429216348899986,
    1.7142390351025565,
    1.7154689724040482,
    1.5852125884901804,
    1.5355255974463697,
    1.5525953084117963,
    1.4726881578733337,
    1.5391724867190955,
    1.5113118378621229,
    1.4270646899601198,
    1.3834205152403634,
    1.6459822185084505,
    1.4065373618647738,
    1.2671803041674057,
    1.240121724290668,
    1.3438720571769858,
    1.3191711332213205,
    1.2722315062216993,
    1.2394839117661962,
    1.202361147538671,
    1.1920374883795684,
    1.2705384152790287,
    1.31147488863963,
    1.1764760252214828,
    1.1499630853365053,
    1.1613131580712661,
    1.075731052002817,
    1.108314616095345,
    1.1107252817333868,
    1.0267066977159032,
    0.9425763154479694,
    1.0267126009599217,
    1.065799568104294,
    1.1642028942647968,
    1.012442192401526,
    0.9752189305143537,
    1.091018570953945,
    0.992449069562948,
    1.0349098521358562,
    1.0240821042150823,
    0.9679640110483709,
    0.9438330137504722,
    0.9442254357967736,
    1.051576343032549,
    0.9687365891798487,
    0.9715600733487111,
    1.0132801646106648,
    0.905968362880203,
    0.9856381607055664,
    0.9273451740336869
  ],
  "val_loss": [
    4.4976819003759685,
    4.216666198550881,
    4.116833524665871,
    3.7396421647214746,
    3.612032924372476,
    3.457949864480879,
    3.38300340628886,
    3.19697368820945,
    3.233598942940052,
    3.0866168422632283,
    2.929374951261145,
    2.8353998448727253,
    2.757959175576697,
    2.6636258730676388,
    2.648398147215257,
    2.6479012824843577,
    2.517045555950759,
    2.42715589285135,
    2.392251474023699,
    2.3512396347379827,
    2.29500209832644,
    2.243061953603209,
    2.3077090700046643,
    2.172965376154407,
    2.1419328045059034,
    2.1367508188256257,
    2.0506718090769054,
    2.1298205562476276,
    1.9870212348941323,
    2.1240337849234963,
    1.9374099991847944,
    1.9941944243715004,
    1.9516417437833504,
    1.9339998843619872,
    1.8985890809424988,
    1.8866705438664386,
    1.816248258301071,
    1.8322837291766594,
    1.8320974124966565,
    1.8462896988334712,
    1.7892130651030984,
    2.011472945646806,
    1.7717187715981986,
    1.7223096245223588,
    1.721722444042221,
    1.6996595454394638,
    1.720320625945881,
    1.6848187401185146,
    1.6810650424428515,
    1.6557881469469329,
    1.6846438882972572,
    1.667221299232422,
    1.769972892988931,
    1.6494461461618828,
    1.6446708989786458,
    1.6446930989804682,
    1.6131152328720817,
    1.6226956938113366,
    1.5985828123726211,
    1.6010645268120607,
    1.5791527708045967,
    1.627235383607529,
    1.5777521609855105,
    1.59847349459832,
    1.580405656079074,
    1.5678363805360251,
    1.5975403501484897,
    1.5716228424990688,
    1.5791277849495589,
    1.5723594972077426,
    1.5606435249497246,
    1.547468623293268,
    1.5536897733923678,
    1.5722047566724466,
    1.542047297266218,
    1.5432118246343347,
    1.5637772430406585,
    1.535912926513832,
    1.5295472452428553,
    1.526263603162575
  ],
  "val_acc": [
    0.4775308641975309,
    0.4911111111111111,
    0.4674074074074074,
    0.5980246913580247,
    0.5844444444444444,
    0.6266666666666667,
    0.5824691358024692,
    0.6353086419753087,
    0.577037037037037,
    0.614567901234568,
    0.6370370370370371,
    0.6362962962962962,
    0.6469135802469136,
    0.654320987654321,
    0.6296296296296297,
    0.6081481481481481,
    0.6444444444444445,
    0.6533333333333333,
    0.6555555555555556,
    0.6488888888888888,
    0.6466666666666666,
    0.6523456790123456,
    0.6217283950617284,
    0.6632098765432098,
    0.6530864197530865,
    0.6427160493827161,
    0.6723456790123457,
    0.6281481481481481,
    0.674320987654321,
    0.6306172839506173,
    0.6696296296296296,
    0.6474074074074074,
    0.6516049382716049,
    0.6555555555555556,
    0.6617283950617284,
    0.6617283950617284,
    0.6782716049382717,
    0.6681481481481482,
    0.6533333333333333,
    0.6545679012345679,
    0.6693827160493827,
    0.577283950617284,
    0.6671604938271605,
    0.6748148148148149,
    0.6753086419753086,
    0.68,
    0.6711111111111111,
    0.6758024691358024,
    0.6750617283950617,
    0.6814814814814815,
    0.6777777777777778,
    0.6728395061728395,
    0.6451851851851852,
    0.6676543209876543,
    0.6812345679012346,
    0.6688888888888889,
    0.6824691358024692,
    0.6854320987654321,
    0.6817283950617284,
    0.6765432098765433,
    0.6891358024691357,
    0.6755555555555556,
    0.6837037037037037,
    0.6824691358024692,
    0.6822222222222222,
    0.6876543209876543,
    0.6753086419753086,
    0.68,
    0.6797530864197531,
    0.6888888888888889,
    0.6839506172839506,
    0.6832098765432099,
    0.6869135802469136,
    0.6701234567901234,
    0.682962962962963,
    0.6876543209876543,
    0.677037037037037,
    0.6866666666666666,
    0.685679012345679,
    0.6876543209876543
  ],